,probability,rate,overnight,openSpaces
0,60.0,0.0,1,3
1,33.0,0.0,1,4
2,58.0,0.0,1,4
3,45.0,0.0,1,4
4,65.0,0.0,1,5
5,34.0,0.0,1,3
6,41.0,0.0,1,2
7,68.0,0.0,1,3
8,40.0,0.0,1,2
9,39.0,0.0,1,3
10,82.0,0.0,1,4
11,46.0,0.0,1,2
12,24.0,0.0,1,2
13,42.0,0.0,1,3
14,76.0,0.0,1,6
15,32.0,0.0,1,1
16,78.0,0.0,1,6
17,26.0,0.0,1,1
18,67.0,0.0,1,6
19,32.0,0.0,1,1
20,73.0,0.0,1,8
21,36.0,0.0,1,5
22,47.0,0.0,1,2
23,42.0,0.0,1,3
24,85.0,0.0,1,20
25,90.0,0.0,1,8
26,94.0,0.0,1,12
27,83.0,0.0,1,6
28,87.0,0.0,1,12
29,92.0,0.0,1,10
30,82.0,0.0,1,4
31,83.0,0.0,1,4
32,81.0,0.0,1,4
33,86.0,0.0,1,6
34,46.0,0.0,1,4
35,78.0,0.0,1,3
36,83.0,0.0,1,5
37,43.0,0.0,1,1
38,78.0,0.0,1,6
39,84.0,0.0,1,9
40,85.0,0.0,1,20
41,90.0,0.0,1,8
42,94.0,0.0,1,12
43,83.0,0.0,1,6
44,87.0,0.0,1,12
45,92.0,0.0,1,10
46,82.0,0.0,1,4
47,83.0,0.0,1,4
48,81.0,0.0,1,4
49,86.0,0.0,1,6
50,46.0,0.0,1,4
51,78.0,0.0,1,3
52,83.0,0.0,1,5
53,43.0,0.0,1,1
54,78.0,0.0,1,6
55,84.0,0.0,1,9
56,45.0,0.0,1,4
57,58.0,0.0,1,4
58,34.0,0.0,1,3
59,65.0,0.0,1,5
60,60.0,0.0,1,3
61,33.0,0.0,1,4
62,46.0,0.0,1,2
63,60.0,0.0,1,3
64,33.0,0.0,1,4
65,58.0,0.0,1,4
66,45.0,0.0,1,4
67,65.0,0.0,1,5
68,34.0,0.0,1,3
69,41.0,0.0,1,2
70,68.0,0.0,1,3
71,40.0,0.0,1,2
72,39.0,0.0,1,3
73,82.0,0.0,1,4
74,46.0,0.0,1,2
75,24.0,0.0,1,2
76,42.0,0.0,1,3
77,76.0,0.0,1,6
78,32.0,0.0,1,1
79,78.0,0.0,1,6
80,26.0,0.0,1,1
81,67.0,0.0,1,6
82,32.0,0.0,1,1
83,73.0,0.0,1,8
84,36.0,0.0,1,5
85,47.0,0.0,1,2
86,42.0,0.0,1,3
87,59.0,0.0,1,18
88,41.0,0.0,1,4
89,42.0,0.0,1,5
90,67.0,0.0,1,9
91,27.0,0.0,1,1
92,70.0,0.0,1,14
93,,0.0,1,0
94,36.0,0.0,1,6
95,61.0,0.0,1,4
96,36.0,0.0,1,12
97,78.0,0.0,1,4
98,29.0,0.0,1,3
99,87.0,0.0,1,7
100,56.0,0.0,1,5
101,82.0,0.0,1,4
102,39.0,0.0,1,3
103,46.0,0.0,1,4
104,78.0,0.0,1,3
105,60.0,0.0,1,3
106,33.0,0.0,1,4
107,58.0,0.0,1,4
108,45.0,0.0,1,4
109,65.0,0.0,1,5
110,34.0,0.0,1,3
111,41.0,0.0,1,2
112,68.0,0.0,1,3
113,40.0,0.0,1,2
114,39.0,0.0,1,3
115,82.0,0.0,1,4
116,46.0,0.0,1,2
117,24.0,0.0,1,2
118,42.0,0.0,1,3
119,76.0,0.0,1,6
120,32.0,0.0,1,1
121,78.0,0.0,1,6
122,26.0,0.0,1,1
123,67.0,0.0,1,6
124,32.0,0.0,1,1
125,73.0,0.0,1,8
126,36.0,0.0,1,5
127,47.0,0.0,1,2
128,42.0,0.0,1,3
129,45.0,0.0,1,4
130,58.0,0.0,1,4
131,34.0,0.0,1,3
132,65.0,0.0,1,5
133,60.0,0.0,1,3
134,33.0,0.0,1,4
135,46.0,0.0,1,2
136,40.0,0.0,1,2
137,39.0,0.0,1,3
138,82.0,0.0,1,4
139,24.0,0.0,1,2
140,76.0,0.0,1,6
141,32.0,0.0,1,1
142,42.0,0.0,1,3
143,26.0,0.0,1,1
144,78.0,0.0,1,6
145,41.0,0.0,1,2
146,68.0,0.0,1,3
147,33.0,0.0,1,4
148,60.0,0.0,1,3
149,58.0,0.0,1,4
150,71.0,0.0,1,3
151,36.0,0.0,1,1
152,54.0,0.0,1,1
153,43.0,0.0,1,1
154,,inf,0,0
155,35.0,0.0,1,3
156,47.0,0.0,1,2
157,42.0,0.0,1,3
158,73.0,0.0,1,8
159,81.0,0.0,1,11
160,83.0,0.0,1,11
161,76.0,0.0,1,6
162,89.0,0.0,1,12
163,86.0,0.0,1,8
164,38.0,0.0,1,1
165,92.0,0.0,1,7
166,93.0,0.0,1,16
167,94.0,0.0,1,9
168,,inf,0,0
169,85.0,0.0,1,16
170,,inf,0,0
171,50.0,0.0,1,1
172,89.0,0.0,1,12
173,83.0,0.0,1,5
174,43.0,0.0,1,1
175,71.0,0.0,1,6
176,89.0,0.0,1,21
177,45.0,0.0,1,4
178,58.0,0.0,1,4
179,33.0,0.0,1,4
180,60.0,0.0,1,3
181,65.0,0.0,1,5
182,34.0,0.0,1,3
183,41.0,0.0,1,2
184,68.0,0.0,1,3
185,46.0,0.0,1,2
186,67.0,0.0,1,6
187,32.0,0.0,1,1
188,36.0,0.0,1,5
189,81.0,0.0,1,11
190,83.0,0.0,1,11
191,76.0,0.0,1,6
192,89.0,0.0,1,12
193,86.0,0.0,1,8
194,38.0,0.0,1,1
195,92.0,0.0,1,7
196,93.0,0.0,1,16
197,94.0,0.0,1,9
198,,inf,0,0
199,85.0,0.0,1,16
200,,inf,0,0
201,50.0,0.0,1,1
202,89.0,0.0,1,12
203,83.0,0.0,1,5
204,43.0,0.0,1,1
205,71.0,0.0,1,6
206,89.0,0.0,1,21
207,45.0,0.0,1,4
208,58.0,0.0,1,4
209,33.0,0.0,1,4
210,60.0,0.0,1,3
211,65.0,0.0,1,5
212,34.0,0.0,1,3
213,41.0,0.0,1,2
214,68.0,0.0,1,3
215,46.0,0.0,1,2
216,67.0,0.0,1,6
217,32.0,0.0,1,1
218,36.0,0.0,1,5
219,85.0,0.0,1,20
220,90.0,0.0,1,8
221,94.0,0.0,1,12
222,83.0,0.0,1,6
223,87.0,0.0,1,12
224,92.0,0.0,1,10
225,82.0,0.0,1,4
226,83.0,0.0,1,4
227,81.0,0.0,1,4
228,86.0,0.0,1,6
229,46.0,0.0,1,4
230,78.0,0.0,1,3
231,83.0,0.0,1,5
232,43.0,0.0,1,1
233,78.0,0.0,1,6
234,83.0,0.0,1,9
235,81.0,0.0,1,11
236,83.0,0.0,1,11
237,76.0,0.0,1,6
238,89.0,0.0,1,12
239,86.0,0.0,1,8
240,38.0,0.0,1,1
241,92.0,0.0,1,7
242,93.0,0.0,1,16
243,94.0,0.0,1,9
244,,inf,0,0
245,85.0,0.0,1,16
246,,inf,0,0
247,50.0,0.0,1,1
248,89.0,0.0,1,12
249,83.0,0.0,1,5
250,43.0,0.0,1,1
251,71.0,0.0,1,6
252,89.0,0.0,1,21
253,46.0,0.0,1,4
254,78.0,0.0,1,3
255,53.0,0.0,1,6
256,85.0,0.0,1,12
257,63.0,0.0,1,12
258,81.0,0.0,1,6
259,80.0,0.0,1,5
260,56.0,0.0,1,4
261,8.0,0.0,1,1
262,56.0,0.0,1,4
263,85.0,0.0,1,4
264,85.0,0.0,1,5
265,30.0,0.0,1,5
266,59.0,0.0,1,18
267,41.0,0.0,1,4
268,85.0,0.0,1,20
269,90.0,0.0,1,8
270,59.0,0.0,1,18
271,41.0,0.0,1,4
272,42.0,0.0,1,5
273,67.0,0.0,1,9
274,27.0,0.0,1,1
275,70.0,0.0,1,14
276,,0.0,1,0
277,36.0,0.0,1,6
278,61.0,0.0,1,4
279,36.0,0.0,1,12
280,78.0,0.0,1,4
281,29.0,0.0,1,3
282,87.0,0.0,1,7
283,56.0,0.0,1,5
284,82.0,0.0,1,4
285,39.0,0.0,1,3
286,46.0,0.0,1,4
287,78.0,0.0,1,3
288,45.0,0.0,1,4
289,58.0,0.0,1,4
290,33.0,0.0,1,4
291,60.0,0.0,1,3
292,65.0,0.0,1,5
293,34.0,0.0,1,3
294,41.0,0.0,1,2
295,68.0,0.0,1,3
296,45.0,0.0,1,2
297,67.0,0.0,1,6
298,32.0,0.0,1,1
299,36.0,0.0,1,5
300,45.0,0.0,1,4
301,58.0,0.0,1,4
302,33.0,0.0,1,4
303,60.0,0.0,1,3
304,65.0,0.0,1,5
305,34.0,0.0,1,3
306,41.0,0.0,1,2
307,68.0,0.0,1,3
308,45.0,0.0,1,2
309,67.0,0.0,1,6
310,32.0,0.0,1,1
311,36.0,0.0,1,5
312,40.0,0.0,1,2
313,39.0,0.0,1,3
314,82.0,0.0,1,4
315,24.0,0.0,1,2
316,76.0,0.0,1,6
317,32.0,0.0,1,1
318,42.0,0.0,1,3
319,26.0,0.0,1,1
320,78.0,0.0,1,6
321,41.0,0.0,1,2
322,68.0,0.0,1,3
323,33.0,0.0,1,4
324,60.0,0.0,1,3
325,58.0,0.0,1,4
326,71.0,0.0,1,3
327,36.0,0.0,1,1
328,54.0,0.0,1,1
329,43.0,0.0,1,1
330,,inf,0,0
331,33.0,0.0,1,3
332,47.0,0.0,1,2
333,42.0,0.0,1,3
334,73.0,0.0,1,8
335,46.0,0.0,1,4
336,78.0,0.0,1,3
337,53.0,0.0,1,6
338,85.0,0.0,1,12
339,63.0,0.0,1,12
340,81.0,0.0,1,6
341,80.0,0.0,1,5
342,56.0,0.0,1,4
343,8.0,0.0,1,1
344,56.0,0.0,1,4
345,85.0,0.0,1,4
346,85.0,0.0,1,5
347,30.0,0.0,1,5
348,59.0,0.0,1,18
349,41.0,0.0,1,4
350,85.0,0.0,1,20
351,90.0,0.0,1,8
352,59.0,0.0,1,18
353,41.0,0.0,1,4
354,42.0,0.0,1,5
355,67.0,0.0,1,9
356,27.0,0.0,1,1
357,70.0,0.0,1,14
358,,0.0,1,0
359,36.0,0.0,1,6
360,61.0,0.0,1,4
361,36.0,0.0,1,12
362,78.0,0.0,1,4
363,29.0,0.0,1,3
364,87.0,0.0,1,7
365,56.0,0.0,1,5
366,82.0,0.0,1,4
367,39.0,0.0,1,3
368,46.0,0.0,1,4
369,78.0,0.0,1,3
370,81.0,0.0,1,11
371,83.0,0.0,1,11
372,76.0,0.0,1,6
373,89.0,0.0,1,12
374,86.0,0.0,1,8
375,38.0,0.0,1,1
376,92.0,0.0,1,7
377,93.0,0.0,1,16
378,94.0,0.0,1,9
379,,inf,0,0
380,85.0,0.0,1,16
381,,inf,0,0
382,50.0,0.0,1,1
383,89.0,0.0,1,12
384,83.0,0.0,1,5
385,43.0,0.0,1,1
386,71.0,0.0,1,6
387,89.0,0.0,1,21
388,59.0,0.0,1,18
389,41.0,0.0,1,4
390,42.0,0.0,1,5
391,67.0,0.0,1,9
392,27.0,0.0,1,1
393,70.0,0.0,1,14
394,,0.0,1,0
395,36.0,0.0,1,6
396,61.0,0.0,1,4
397,36.0,0.0,1,12
398,78.0,0.0,1,4
399,29.0,0.0,1,3
400,87.0,0.0,1,7
401,56.0,0.0,1,5
402,82.0,0.0,1,4
403,39.0,0.0,1,3
404,46.0,0.0,1,4
405,78.0,0.0,1,3
406,81.0,0.0,1,11
407,83.0,0.0,1,11
408,76.0,0.0,1,6
409,89.0,0.0,1,12
410,86.0,0.0,1,8
411,38.0,0.0,1,1
412,92.0,0.0,1,7
413,93.0,0.0,1,16
414,94.0,0.0,1,9
415,,inf,0,0
416,85.0,0.0,1,16
417,,inf,0,0
418,50.0,0.0,1,1
419,89.0,0.0,1,12
420,83.0,0.0,1,5
421,43.0,0.0,1,1
422,71.0,0.0,1,6
423,89.0,0.0,1,21
424,40.0,0.0,1,2
425,39.0,0.0,1,3
426,82.0,0.0,1,4
427,24.0,0.0,1,2
428,76.0,0.0,1,6
429,32.0,0.0,1,1
430,42.0,0.0,1,3
431,26.0,0.0,1,1
432,78.0,0.0,1,6
433,41.0,0.0,1,2
434,68.0,0.0,1,3
435,33.0,0.0,1,4
436,60.0,0.0,1,3
437,58.0,0.0,1,4
438,71.0,0.0,1,3
439,36.0,0.0,1,1
440,54.0,0.0,1,1
441,43.0,0.0,1,1
442,,inf,0,0
443,33.0,0.0,1,3
444,47.0,0.0,1,2
445,42.0,0.0,1,3
446,73.0,0.0,1,8
447,60.0,0.0,1,3
448,33.0,0.0,1,4
449,58.0,0.0,1,4
450,45.0,0.0,1,4
451,65.0,0.0,1,5
452,34.0,0.0,1,3
453,41.0,0.0,1,2
454,68.0,0.0,1,3
455,40.0,0.0,1,2
456,39.0,0.0,1,3
457,82.0,0.0,1,4
458,45.0,0.0,1,2
459,24.0,0.0,1,2
460,42.0,0.0,1,3
461,76.0,0.0,1,6
462,32.0,0.0,1,1
463,78.0,0.0,1,6
464,26.0,0.0,1,1
465,67.0,0.0,1,6
466,32.0,0.0,1,1
467,73.0,0.0,1,8
468,36.0,0.0,1,5
469,47.0,0.0,1,2
470,42.0,0.0,1,3
471,60.0,0.0,1,3
472,33.0,0.0,1,4
473,58.0,0.0,1,4
474,45.0,0.0,1,4
475,65.0,0.0,1,5
476,34.0,0.0,1,3
477,41.0,0.0,1,2
478,68.0,0.0,1,3
479,40.0,0.0,1,2
480,39.0,0.0,1,3
481,82.0,0.0,1,4
482,45.0,0.0,1,2
483,24.0,0.0,1,2
484,42.0,0.0,1,3
485,76.0,0.0,1,6
486,32.0,0.0,1,1
487,78.0,0.0,1,6
488,26.0,0.0,1,1
489,67.0,0.0,1,6
490,32.0,0.0,1,1
491,73.0,0.0,1,8
492,36.0,0.0,1,5
493,47.0,0.0,1,2
494,42.0,0.0,1,3
495,60.0,0.0,1,3
496,33.0,0.0,1,4
497,58.0,0.0,1,4
498,45.0,0.0,1,4
499,65.0,0.0,1,5
500,34.0,0.0,1,3
501,41.0,0.0,1,2
502,68.0,0.0,1,3
503,40.0,0.0,1,2
504,39.0,0.0,1,3
505,82.0,0.0,1,4
506,45.0,0.0,1,2
507,24.0,0.0,1,2
508,42.0,0.0,1,3
509,76.0,0.0,1,6
510,32.0,0.0,1,1
511,78.0,0.0,1,6
512,26.0,0.0,1,1
513,67.0,0.0,1,6
514,32.0,0.0,1,1
515,73.0,0.0,1,8
516,36.0,0.0,1,5
517,47.0,0.0,1,2
518,42.0,0.0,1,3
519,81.0,0.0,1,11
520,83.0,0.0,1,11
521,76.0,0.0,1,6
522,89.0,0.0,1,12
523,86.0,0.0,1,8
524,38.0,0.0,1,1
525,92.0,0.0,1,7
526,93.0,0.0,1,16
527,94.0,0.0,1,9
528,,inf,0,0
529,85.0,0.0,1,16
530,,inf,0,0
531,50.0,0.0,1,1
532,89.0,0.0,1,12
533,83.0,0.0,1,5
534,43.0,0.0,1,1
535,71.0,0.0,1,6
536,89.0,0.0,1,21
537,45.0,0.0,1,4
538,58.0,0.0,1,4
539,34.0,0.0,1,3
540,65.0,0.0,1,5
541,60.0,0.0,1,3
542,33.0,0.0,1,4
543,45.0,0.0,1,2
544,85.0,0.0,1,20
545,90.0,0.0,1,8
546,94.0,0.0,1,12
547,83.0,0.0,1,6
548,87.0,0.0,1,12
549,92.0,0.0,1,10
550,82.0,0.0,1,4
551,83.0,0.0,1,4
552,81.0,0.0,1,4
553,86.0,0.0,1,6
554,46.0,0.0,1,4
555,78.0,0.0,1,3
556,83.0,0.0,1,5
557,43.0,0.0,1,1
558,78.0,0.0,1,6
559,83.0,0.0,1,9
560,59.0,0.0,1,18
561,41.0,0.0,1,4
562,42.0,0.0,1,5
563,67.0,0.0,1,9
564,27.0,0.0,1,1
565,70.0,0.0,1,14
566,,0.0,1,0
567,36.0,0.0,1,6
568,61.0,0.0,1,4
569,36.0,0.0,1,12
570,78.0,0.0,1,4
571,29.0,0.0,1,3
572,87.0,0.0,1,7
573,56.0,0.0,1,5
574,82.0,0.0,1,4
575,39.0,0.0,1,3
576,46.0,0.0,1,4
577,78.0,0.0,1,3
578,45.0,0.0,1,4
579,58.0,0.0,1,4
580,33.0,0.0,1,4
581,60.0,0.0,1,3
582,65.0,0.0,1,5
583,34.0,0.0,1,3
584,41.0,0.0,1,2
585,68.0,0.0,1,3
586,45.0,0.0,1,2
587,67.0,0.0,1,6
588,32.0,0.0,1,1
589,36.0,0.0,1,5
590,60.0,0.0,1,3
591,33.0,0.0,1,4
592,58.0,0.0,1,4
593,45.0,0.0,1,4
594,65.0,0.0,1,5
595,34.0,0.0,1,3
596,41.0,0.0,1,2
597,68.0,0.0,1,3
598,40.0,0.0,1,2
599,39.0,0.0,1,3
600,82.0,0.0,1,4
601,45.0,0.0,1,2
602,22.0,0.0,1,2
603,42.0,0.0,1,3
604,76.0,0.0,1,6
605,32.0,0.0,1,1
606,78.0,0.0,1,6
607,26.0,0.0,1,1
608,67.0,0.0,1,6
609,32.0,0.0,1,1
610,73.0,0.0,1,8
611,36.0,0.0,1,5
612,47.0,0.0,1,2
613,42.0,0.0,1,3
614,59.0,0.0,1,18
615,41.0,0.0,1,4
616,42.0,0.0,1,5
617,67.0,0.0,1,9
618,27.0,0.0,1,1
619,70.0,0.0,1,14
620,,0.0,1,0
621,36.0,0.0,1,6
622,61.0,0.0,1,4
623,36.0,0.0,1,12
624,78.0,0.0,1,4
625,29.0,0.0,1,3
626,87.0,0.0,1,7
627,56.0,0.0,1,5
628,82.0,0.0,1,4
629,39.0,0.0,1,3
630,46.0,0.0,1,4
631,78.0,0.0,1,3
632,81.0,0.0,1,11
633,83.0,0.0,1,11
634,76.0,0.0,1,6
635,89.0,0.0,1,12
636,86.0,0.0,1,8
637,38.0,0.0,1,1
638,92.0,0.0,1,7
639,93.0,0.0,1,16
640,94.0,0.0,1,9
641,,inf,0,0
642,85.0,0.0,1,16
643,,inf,0,0
644,50.0,0.0,1,1
645,89.0,0.0,1,12
646,83.0,0.0,1,5
647,43.0,0.0,1,1
648,71.0,0.0,1,6
649,89.0,0.0,1,21
650,59.0,0.0,1,18
651,41.0,0.0,1,4
652,42.0,0.0,1,5
653,67.0,0.0,1,9
654,27.0,0.0,1,1
655,70.0,0.0,1,14
656,,0.0,1,0
657,36.0,0.0,1,6
658,61.0,0.0,1,4
659,36.0,0.0,1,12
660,78.0,0.0,1,4
661,29.0,0.0,1,3
662,87.0,0.0,1,7
663,56.0,0.0,1,5
664,82.0,0.0,1,4
665,39.0,0.0,1,3
666,46.0,0.0,1,4
667,78.0,0.0,1,3
668,81.0,0.0,1,11
669,83.0,0.0,1,11
670,76.0,0.0,1,6
671,89.0,0.0,1,12
672,86.0,0.0,1,8
673,38.0,0.0,1,1
674,92.0,0.0,1,7
675,93.0,0.0,1,16
676,94.0,0.0,1,9
677,,inf,0,0
678,85.0,0.0,1,16
679,,inf,0,0
680,50.0,0.0,1,1
681,89.0,0.0,1,12
682,83.0,0.0,1,5
683,43.0,0.0,1,1
684,71.0,0.0,1,6
685,89.0,0.0,1,21
686,85.0,0.0,1,20
687,90.0,0.0,1,8
688,94.0,0.0,1,12
689,83.0,0.0,1,6
690,87.0,0.0,1,12
691,92.0,0.0,1,10
692,82.0,0.0,1,4
693,83.0,0.0,1,4
694,81.0,0.0,1,4
695,86.0,0.0,1,6
696,46.0,0.0,1,4
697,78.0,0.0,1,3
698,83.0,0.0,1,5
699,43.0,0.0,1,1
700,78.0,0.0,1,6
701,83.0,0.0,1,9
702,40.0,0.0,1,2
703,39.0,0.0,1,3
704,82.0,0.0,1,4
705,22.0,0.0,1,2
706,76.0,0.0,1,6
707,32.0,0.0,1,1
708,42.0,0.0,1,3
709,26.0,0.0,1,1
710,78.0,0.0,1,6
711,41.0,0.0,1,2
712,68.0,0.0,1,3
713,33.0,0.0,1,4
714,60.0,0.0,1,3
715,58.0,0.0,1,4
716,71.0,0.0,1,3
717,36.0,0.0,1,1
718,54.0,0.0,1,1
719,43.0,0.0,1,1
720,,inf,0,0
721,33.0,0.0,1,3
722,47.0,0.0,1,2
723,42.0,0.0,1,3
724,73.0,0.0,1,8
725,40.0,0.0,1,2
726,39.0,0.0,1,3
727,82.0,0.0,1,4
728,22.0,0.0,1,2
729,76.0,0.0,1,6
730,32.0,0.0,1,1
731,42.0,0.0,1,3
732,26.0,0.0,1,1
733,78.0,0.0,1,6
734,41.0,0.0,1,2
735,68.0,0.0,1,3
736,33.0,0.0,1,4
737,60.0,0.0,1,3
738,58.0,0.0,1,4
739,71.0,0.0,1,3
740,36.0,0.0,1,1
741,54.0,0.0,1,1
742,43.0,0.0,1,1
743,,inf,0,0
744,33.0,0.0,1,3
745,47.0,0.0,1,2
746,42.0,0.0,1,3
747,73.0,0.0,1,8
748,45.0,0.0,1,4
749,58.0,0.0,1,4
750,33.0,0.0,1,4
751,60.0,0.0,1,3
752,65.0,0.0,1,5
753,34.0,0.0,1,3
754,41.0,0.0,1,2
755,68.0,0.0,1,3
756,45.0,0.0,1,2
757,67.0,0.0,1,6
758,32.0,0.0,1,1
759,36.0,0.0,1,5
760,59.0,0.0,1,18
761,41.0,0.0,1,4
762,42.0,0.0,1,5
763,67.0,0.0,1,9
764,27.0,0.0,1,1
765,70.0,0.0,1,14
766,,0.0,1,0
767,36.0,0.0,1,6
768,61.0,0.0,1,4
769,36.0,0.0,1,12
770,78.0,0.0,1,4
771,29.0,0.0,1,3
772,87.0,0.0,1,7
773,56.0,0.0,1,5
774,82.0,0.0,1,4
775,39.0,0.0,1,3
776,46.0,0.0,1,4
777,78.0,0.0,1,3
778,46.0,0.0,1,4
779,78.0,0.0,1,3
780,52.0,0.0,1,6
781,85.0,0.0,1,12
782,63.0,0.0,1,12
783,81.0,0.0,1,6
784,80.0,0.0,1,5
785,56.0,0.0,1,4
786,8.0,0.0,1,1
787,56.0,0.0,1,4
788,85.0,0.0,1,4
789,85.0,0.0,1,5
790,30.0,0.0,1,5
791,59.0,0.0,1,18
792,41.0,0.0,1,4
793,85.0,0.0,1,20
794,90.0,0.0,1,8
795,46.0,0.0,1,4
796,78.0,0.0,1,3
797,52.0,0.0,1,6
798,85.0,0.0,1,12
799,63.0,0.0,1,12
800,81.0,0.0,1,6
801,80.0,0.0,1,5
802,56.0,0.0,1,4
803,8.0,0.0,1,1
804,56.0,0.0,1,4
805,85.0,0.0,1,4
806,85.0,0.0,1,5
807,30.0,0.0,1,5
808,59.0,0.0,1,18
809,41.0,0.0,1,4
810,85.0,0.0,1,20
811,90.0,0.0,1,8
812,46.0,0.0,1,4
813,78.0,0.0,1,3
814,52.0,0.0,1,6
815,85.0,0.0,1,12
816,63.0,0.0,1,12
817,81.0,0.0,1,6
818,80.0,0.0,1,5
819,56.0,0.0,1,4
820,8.0,0.0,1,1
821,56.0,0.0,1,4
822,85.0,0.0,1,4
823,85.0,0.0,1,5
824,30.0,0.0,1,5
825,59.0,0.0,1,18
826,41.0,0.0,1,4
827,85.0,0.0,1,20
828,90.0,0.0,1,8
829,45.0,0.0,1,4
830,58.0,0.0,1,4
831,33.0,0.0,1,3
832,65.0,0.0,1,5
833,60.0,0.0,1,3
834,33.0,0.0,1,4
835,45.0,0.0,1,2
836,83.0,0.0,1,5
837,43.0,0.0,1,1
838,89.0,0.0,1,6
839,78.0,0.0,1,4
840,36.0,0.0,1,1
841,79.0,0.0,1,10
842,76.0,0.0,1,6
843,89.0,0.0,1,12
844,83.0,0.0,1,12
845,89.0,0.0,1,5
846,94.0,0.0,1,15
847,84.0,0.0,1,13
848,56.0,0.0,1,7
849,90.0,0.0,1,8
850,85.0,0.0,1,20
851,81.0,0.0,1,11
852,83.0,0.0,1,5
853,43.0,0.0,1,1
854,89.0,0.0,1,6
855,78.0,0.0,1,4
856,36.0,0.0,1,1
857,79.0,0.0,1,10
858,76.0,0.0,1,6
859,89.0,0.0,1,12
860,83.0,0.0,1,12
861,89.0,0.0,1,5
862,94.0,0.0,1,15
863,84.0,0.0,1,13
864,56.0,0.0,1,7
865,90.0,0.0,1,8
866,85.0,0.0,1,20
867,81.0,0.0,1,11
868,45.0,0.0,1,4
869,58.0,0.0,1,4
870,33.0,0.0,1,3
871,65.0,0.0,1,5
872,60.0,0.0,1,3
873,33.0,0.0,1,4
874,45.0,0.0,1,2
875,59.0,0.0,1,18
876,41.0,0.0,1,4
877,42.0,0.0,1,5
878,67.0,0.0,1,9
879,27.0,0.0,1,1
880,70.0,0.0,1,14
881,,0.0,1,0
882,36.0,0.0,1,6
883,61.0,0.0,1,4
884,36.0,0.0,1,12
885,78.0,0.0,1,4
886,29.0,0.0,1,3
887,87.0,0.0,1,7
888,56.0,0.0,1,5
889,81.0,0.0,1,4
890,39.0,0.0,1,3
891,46.0,0.0,1,4
892,78.0,0.0,1,3
893,45.0,0.0,1,4
894,58.0,0.0,1,4
895,33.0,0.0,1,3
896,65.0,0.0,1,5
897,60.0,0.0,1,3
898,33.0,0.0,1,4
899,45.0,0.0,1,2
900,40.0,0.0,1,2
901,39.0,0.0,1,3
902,81.0,0.0,1,4
903,22.0,0.0,1,2
904,76.0,0.0,1,6
905,32.0,0.0,1,1
906,42.0,0.0,1,3
907,26.0,0.0,1,1
908,78.0,0.0,1,6
909,41.0,0.0,1,2
910,68.0,0.0,1,3
911,33.0,0.0,1,4
912,60.0,0.0,1,3
913,58.0,0.0,1,4
914,71.0,0.0,1,3
915,36.0,0.0,1,1
916,54.0,0.0,1,1
917,43.0,0.0,1,1
918,,inf,0,0
919,33.0,0.0,1,3
920,47.0,0.0,1,2
921,42.0,0.0,1,3
922,73.0,0.0,1,8
923,45.0,0.0,1,4
924,58.0,0.0,1,4
925,33.0,0.0,1,4
926,60.0,0.0,1,3
927,65.0,0.0,1,5
928,33.0,0.0,1,3
929,41.0,0.0,1,2
930,68.0,0.0,1,3
931,45.0,0.0,1,2
932,67.0,0.0,1,6
933,32.0,0.0,1,1
934,36.0,0.0,1,5
935,81.0,0.0,1,11
936,83.0,0.0,1,11
937,76.0,0.0,1,6
938,89.0,0.0,1,12
939,86.0,0.0,1,8
940,38.0,0.0,1,1
941,92.0,0.0,1,7
942,93.0,0.0,1,16
943,94.0,0.0,1,9
944,,inf,0,0
945,85.0,0.0,1,16
946,,inf,0,0
947,50.0,0.0,1,1
948,89.0,0.0,1,12
949,83.0,0.0,1,5
950,43.0,0.0,1,1
951,71.0,0.0,1,6
952,89.0,0.0,1,21
953,45.0,0.0,1,4
954,58.0,0.0,1,4
955,33.0,0.0,1,3
956,65.0,0.0,1,5
957,60.0,0.0,1,3
958,33.0,0.0,1,4
959,45.0,0.0,1,2
960,81.0,0.0,1,11
961,83.0,0.0,1,11
962,76.0,0.0,1,6
963,89.0,0.0,1,12
964,86.0,0.0,1,8
965,38.0,0.0,1,1
966,92.0,0.0,1,7
967,93.0,0.0,1,16
968,94.0,0.0,1,9
969,,inf,0,0
970,85.0,0.0,1,16
971,,inf,0,0
972,50.0,0.0,1,1
973,89.0,0.0,1,12
974,83.0,0.0,1,5
975,43.0,0.0,1,1
976,71.0,0.0,1,6
977,89.0,0.0,1,21
978,59.0,0.0,1,18
979,41.0,0.0,1,4
980,42.0,0.0,1,5
981,67.0,0.0,1,9
982,27.0,0.0,1,1
983,70.0,0.0,1,14
984,,0.0,1,0
985,36.0,0.0,1,6
986,61.0,0.0,1,4
987,36.0,0.0,1,12
988,78.0,0.0,1,4
989,29.0,0.0,1,3
990,87.0,0.0,1,7
991,56.0,0.0,1,5
992,81.0,0.0,1,4
993,39.0,0.0,1,3
994,46.0,0.0,1,4
995,78.0,0.0,1,3
996,46.0,0.0,1,4
997,78.0,0.0,1,3
998,52.0,0.0,1,6
999,85.0,0.0,1,12
1000,63.0,0.0,1,12
1001,81.0,0.0,1,6
1002,80.0,0.0,1,5
1003,56.0,0.0,1,4
1004,8.0,0.0,1,1
1005,56.0,0.0,1,4
1006,85.0,0.0,1,4
1007,85.0,0.0,1,5
1008,30.0,0.0,1,5
1009,59.0,0.0,1,18
1010,41.0,0.0,1,4
1011,85.0,0.0,1,20
1012,90.0,0.0,1,8
1013,60.0,0.0,1,3
1014,33.0,0.0,1,4
1015,58.0,0.0,1,4
1016,45.0,0.0,1,4
1017,65.0,0.0,1,5
1018,33.0,0.0,1,3
1019,41.0,0.0,1,2
1020,68.0,0.0,1,3
1021,40.0,0.0,1,2
1022,39.0,0.0,1,3
1023,81.0,0.0,1,4
1024,45.0,0.0,1,2
1025,22.0,0.0,1,2
1026,42.0,0.0,1,3
1027,76.0,0.0,1,6
1028,32.0,0.0,1,1
1029,78.0,0.0,1,6
1030,26.0,0.0,1,1
1031,66.0,0.0,1,6
1032,32.0,0.0,1,1
1033,73.0,0.0,1,8
1034,36.0,0.0,1,5
1035,47.0,0.0,1,2
1036,42.0,0.0,1,3
1037,40.0,0.0,1,2
1038,39.0,0.0,1,3
1039,81.0,0.0,1,4
1040,22.0,0.0,1,2
1041,76.0,0.0,1,6
1042,32.0,0.0,1,1
1043,42.0,0.0,1,3
1044,26.0,0.0,1,1
1045,78.0,0.0,1,6
1046,41.0,0.0,1,2
1047,68.0,0.0,1,3
1048,33.0,0.0,1,4
1049,60.0,0.0,1,3
1050,58.0,0.0,1,4
1051,71.0,0.0,1,3
1052,36.0,0.0,1,1
1053,54.0,0.0,1,1
1054,43.0,0.0,1,1
1055,,inf,0,0
1056,33.0,0.0,1,3
1057,47.0,0.0,1,2
1058,42.0,0.0,1,3
1059,73.0,0.0,1,8
1060,81.0,0.0,1,11
1061,83.0,0.0,1,11
1062,76.0,0.0,1,6
1063,89.0,0.0,1,12
1064,86.0,0.0,1,8
1065,38.0,0.0,1,1
1066,92.0,0.0,1,7
1067,93.0,0.0,1,16
1068,94.0,0.0,1,9
1069,,inf,0,0
1070,85.0,0.0,1,16
1071,,inf,0,0
1072,50.0,0.0,1,1
1073,89.0,0.0,1,12
1074,83.0,0.0,1,5
1075,43.0,0.0,1,1
1076,71.0,0.0,1,6
1077,89.0,0.0,1,21
1078,60.0,0.0,1,3
1079,33.0,0.0,1,4
1080,58.0,0.0,1,4
1081,45.0,0.0,1,4
1082,65.0,0.0,1,5
1083,33.0,0.0,1,3
1084,41.0,0.0,1,2
1085,68.0,0.0,1,3
1086,40.0,0.0,1,2
1087,39.0,0.0,1,3
1088,81.0,0.0,1,4
1089,45.0,0.0,1,2
1090,22.0,0.0,1,2
1091,42.0,0.0,1,3
1092,76.0,0.0,1,6
1093,32.0,0.0,1,1
1094,78.0,0.0,1,6
1095,26.0,0.0,1,1
1096,66.0,0.0,1,6
1097,32.0,0.0,1,1
1098,73.0,0.0,1,8
1099,36.0,0.0,1,5
1100,47.0,0.0,1,2
1101,42.0,0.0,1,3
1102,45.0,0.0,1,4
1103,58.0,0.0,1,4
1104,33.0,0.0,1,4
1105,60.0,0.0,1,3
1106,65.0,0.0,1,5
1107,33.0,0.0,1,3
1108,41.0,0.0,1,2
1109,68.0,0.0,1,3
1110,45.0,0.0,1,2
1111,66.0,0.0,1,6
1112,32.0,0.0,1,1
1113,36.0,0.0,1,5
1114,45.0,0.0,1,4
1115,58.0,0.0,1,4
1116,33.0,0.0,1,3
1117,65.0,0.0,1,5
1118,60.0,0.0,1,3
1119,33.0,0.0,1,4
1120,45.0,0.0,1,2
1121,45.0,0.0,1,4
1122,58.0,0.0,1,4
1123,33.0,0.0,1,3
1124,65.0,0.0,1,5
1125,60.0,0.0,1,3
1126,33.0,0.0,1,4
1127,45.0,0.0,1,2
1128,59.0,0.0,1,18
1129,41.0,0.0,1,4
1130,42.0,0.0,1,5
1131,67.0,0.0,1,9
1132,27.0,0.0,1,1
1133,70.0,0.0,1,14
1134,,0.0,1,0
1135,36.0,0.0,1,6
1136,61.0,0.0,1,4
1137,36.0,0.0,1,12
1138,78.0,0.0,1,4
1139,29.0,0.0,1,3
1140,87.0,0.0,1,7
1141,56.0,0.0,1,5
1142,81.0,0.0,1,4
1143,39.0,0.0,1,3
1144,46.0,0.0,1,4
1145,78.0,0.0,1,3
1146,85.0,0.0,1,20
1147,90.0,0.0,1,8
1148,94.0,0.0,1,12
1149,83.0,0.0,1,6
1150,87.0,0.0,1,12
1151,92.0,0.0,1,10
1152,82.0,0.0,1,4
1153,82.0,0.0,1,4
1154,81.0,0.0,1,4
1155,86.0,0.0,1,6
1156,46.0,0.0,1,4
1157,78.0,0.0,1,3
1158,83.0,0.0,1,5
1159,40.0,0.0,1,1
1160,78.0,0.0,1,6
1161,83.0,0.0,1,9
1162,40.0,0.0,1,2
1163,39.0,0.0,1,3
1164,81.0,0.0,1,4
1165,22.0,0.0,1,2
1166,76.0,0.0,1,6
1167,32.0,0.0,1,1
1168,42.0,0.0,1,3
1169,26.0,0.0,1,1
1170,76.0,0.0,1,6
1171,41.0,0.0,1,2
1172,68.0,0.0,1,3
1173,33.0,0.0,1,4
1174,60.0,0.0,1,3
1175,58.0,0.0,1,4
1176,71.0,0.0,1,3
1177,32.0,0.0,1,1
1178,54.0,0.0,1,1
1179,43.0,0.0,1,1
1180,,inf,0,0
1181,33.0,0.0,1,3
1182,47.0,0.0,1,2
1183,42.0,0.0,1,3
1184,73.0,0.0,1,8
1185,46.0,0.0,1,4
1186,78.0,0.0,1,3
1187,52.0,0.0,1,6
1188,85.0,0.0,1,12
1189,63.0,0.0,1,12
1190,81.0,0.0,1,6
1191,80.0,0.0,1,5
1192,56.0,0.0,1,4
1193,8.0,0.0,1,1
1194,56.0,0.0,1,4
1195,85.0,0.0,1,4
1196,85.0,0.0,1,5
1197,30.0,0.0,1,5
1198,59.0,0.0,1,18
1199,41.0,0.0,1,4
1200,85.0,0.0,1,20
1201,90.0,0.0,1,8
1202,40.0,0.0,1,2
1203,39.0,0.0,1,3
1204,81.0,0.0,1,4
1205,22.0,0.0,1,2
1206,76.0,0.0,1,6
1207,32.0,0.0,1,1
1208,42.0,0.0,1,3
1209,26.0,0.0,1,1
1210,76.0,0.0,1,6
1211,41.0,0.0,1,2
1212,68.0,0.0,1,3
1213,33.0,0.0,1,4
1214,60.0,0.0,1,3
1215,58.0,0.0,1,4
1216,71.0,0.0,1,3
1217,32.0,0.0,1,1
1218,54.0,0.0,1,1
1219,43.0,0.0,1,1
1220,,inf,0,0
1221,33.0,0.0,1,3
1222,47.0,0.0,1,2
1223,42.0,0.0,1,3
1224,73.0,0.0,1,8
1225,45.0,0.0,1,4
1226,58.0,0.0,1,4
1227,33.0,0.0,1,4
1228,60.0,0.0,1,3
1229,65.0,0.0,1,5
1230,33.0,0.0,1,3
1231,41.0,0.0,1,2
1232,68.0,0.0,1,3
1233,45.0,0.0,1,2
1234,66.0,0.0,1,6
1235,32.0,0.0,1,1
1236,36.0,0.0,1,5
1237,85.0,0.0,1,20
1238,90.0,0.0,1,8
1239,94.0,0.0,1,12
1240,83.0,0.0,1,6
1241,87.0,0.0,1,12
1242,92.0,0.0,1,10
1243,82.0,0.0,1,4
1244,82.0,0.0,1,4
1245,81.0,0.0,1,4
1246,86.0,0.0,1,6
1247,46.0,0.0,1,4
1248,78.0,0.0,1,3
1249,83.0,0.0,1,5
1250,40.0,0.0,1,1
1251,78.0,0.0,1,6
1252,83.0,0.0,1,9
1253,60.0,0.0,1,3
1254,33.0,0.0,1,4
1255,58.0,0.0,1,4
1256,45.0,0.0,1,4
1257,65.0,0.0,1,5
1258,33.0,0.0,1,3
1259,41.0,0.0,1,2
1260,68.0,0.0,1,3
1261,40.0,0.0,1,2
1262,39.0,0.0,1,3
1263,81.0,0.0,1,4
1264,45.0,0.0,1,2
1265,22.0,0.0,1,2
1266,42.0,0.0,1,3
1267,76.0,0.0,1,6
1268,32.0,0.0,1,1
1269,76.0,0.0,1,6
1270,26.0,0.0,1,1
1271,66.0,0.0,1,6
1272,32.0,0.0,1,1
1273,73.0,0.0,1,8
1274,36.0,0.0,1,5
1275,47.0,0.0,1,2
1276,42.0,0.0,1,3
1277,45.0,0.0,1,4
1278,58.0,0.0,1,4
1279,33.0,0.0,1,3
1280,65.0,0.0,1,5
1281,60.0,0.0,1,3
1282,33.0,0.0,1,4
1283,45.0,0.0,1,2
1284,45.0,0.0,1,4
1285,58.0,0.0,1,4
1286,33.0,0.0,1,4
1287,60.0,0.0,1,3
1288,65.0,0.0,1,5
1289,33.0,0.0,1,3
1290,41.0,0.0,1,2
1291,68.0,0.0,1,3
1292,45.0,0.0,1,2
1293,66.0,0.0,1,6
1294,32.0,0.0,1,1
1295,36.0,0.0,1,5
1296,59.0,0.0,1,18
1297,41.0,0.0,1,4
1298,42.0,0.0,1,5
1299,67.0,0.0,1,9
1300,27.0,0.0,1,1
1301,70.0,0.0,1,14
1302,,0.0,1,0
1303,36.0,0.0,1,6
1304,61.0,0.0,1,4
1305,36.0,0.0,1,12
1306,78.0,0.0,1,4
1307,29.0,0.0,1,3
1308,87.0,0.0,1,7
1309,56.0,0.0,1,5
1310,81.0,0.0,1,4
1311,39.0,0.0,1,3
1312,46.0,0.0,1,4
1313,78.0,0.0,1,3
1314,40.0,0.0,1,2
1315,39.0,0.0,1,3
1316,81.0,0.0,1,4
1317,22.0,0.0,1,2
1318,76.0,0.0,1,6
1319,32.0,0.0,1,1
1320,42.0,0.0,1,3
1321,26.0,0.0,1,1
1322,76.0,0.0,1,6
1323,41.0,0.0,1,2
1324,68.0,0.0,1,3
1325,33.0,0.0,1,4
1326,60.0,0.0,1,3
1327,58.0,0.0,1,4
1328,71.0,0.0,1,3
1329,32.0,0.0,1,1
1330,54.0,0.0,1,1
1331,43.0,0.0,1,1
1332,,inf,0,0
1333,33.0,0.0,1,3
1334,47.0,0.0,1,2
1335,42.0,0.0,1,3
1336,73.0,0.0,1,8
1337,60.0,0.0,1,3
1338,33.0,0.0,1,4
1339,58.0,0.0,1,4
1340,45.0,0.0,1,4
1341,65.0,0.0,1,5
1342,33.0,0.0,1,3
1343,41.0,0.0,1,2
1344,68.0,0.0,1,3
1345,40.0,0.0,1,2
1346,39.0,0.0,1,3
1347,81.0,0.0,1,4
1348,45.0,0.0,1,2
1349,22.0,0.0,1,2
1350,42.0,0.0,1,3
1351,76.0,0.0,1,6
1352,32.0,0.0,1,1
1353,76.0,0.0,1,6
1354,26.0,0.0,1,1
1355,66.0,0.0,1,6
1356,32.0,0.0,1,1
1357,73.0,0.0,1,8
1358,36.0,0.0,1,5
1359,47.0,0.0,1,2
1360,42.0,0.0,1,3
1361,59.0,0.0,1,18
1362,41.0,0.0,1,4
1363,42.0,0.0,1,5
1364,67.0,0.0,1,9
1365,27.0,0.0,1,1
1366,70.0,0.0,1,14
1367,,0.0,1,0
1368,36.0,0.0,1,6
1369,61.0,0.0,1,4
1370,36.0,0.0,1,12
1371,78.0,0.0,1,4
1372,29.0,0.0,1,3
1373,87.0,0.0,1,7
1374,56.0,0.0,1,5
1375,81.0,0.0,1,4
1376,39.0,0.0,1,3
1377,46.0,0.0,1,4
1378,78.0,0.0,1,3
1379,45.0,0.0,1,4
1380,58.0,0.0,1,4
1381,33.0,0.0,1,3
1382,65.0,0.0,1,5
1383,60.0,0.0,1,3
1384,33.0,0.0,1,4
1385,45.0,0.0,1,2
1386,45.0,0.0,1,4
1387,58.0,0.0,1,4
1388,33.0,0.0,1,3
1389,65.0,0.0,1,5
1390,60.0,0.0,1,3
1391,33.0,0.0,1,4
1392,45.0,0.0,1,2
1393,45.0,0.0,1,4
1394,58.0,0.0,1,4
1395,33.0,0.0,1,4
1396,60.0,0.0,1,3
1397,65.0,0.0,1,5
1398,33.0,0.0,1,3
1399,41.0,0.0,1,2
1400,68.0,0.0,1,3
1401,45.0,0.0,1,2
1402,66.0,0.0,1,6
1403,32.0,0.0,1,1
1404,36.0,0.0,1,5
1405,40.0,0.0,1,2
1406,39.0,0.0,1,3
1407,81.0,0.0,1,4
1408,22.0,0.0,1,2
1409,76.0,0.0,1,6
1410,32.0,0.0,1,1
1411,42.0,0.0,1,3
1412,26.0,0.0,1,1
1413,76.0,0.0,1,6
1414,41.0,0.0,1,2
1415,68.0,0.0,1,3
1416,33.0,0.0,1,4
1417,60.0,0.0,1,3
1418,58.0,0.0,1,4
1419,71.0,0.0,1,3
1420,32.0,0.0,1,1
1421,54.0,0.0,1,1
1422,43.0,0.0,1,1
1423,,inf,0,0
1424,33.0,0.0,1,3
1425,47.0,0.0,1,2
1426,42.0,0.0,1,3
1427,73.0,0.0,1,8
1428,46.0,0.0,1,4
1429,78.0,0.0,1,3
1430,52.0,0.0,1,6
1431,85.0,0.0,1,12
1432,63.0,0.0,1,12
1433,81.0,0.0,1,6
1434,80.0,0.0,1,5
1435,56.0,0.0,1,4
1436,8.0,0.0,1,1
1437,56.0,0.0,1,4
1438,85.0,0.0,1,4
1439,85.0,0.0,1,5
1440,30.0,0.0,1,5
1441,59.0,0.0,1,18
1442,41.0,0.0,1,4
1443,85.0,0.0,1,20
1444,90.0,0.0,1,8
1445,85.0,0.0,1,20
1446,90.0,0.0,1,8
1447,94.0,0.0,1,12
1448,83.0,0.0,1,6
1449,87.0,0.0,1,12
1450,92.0,0.0,1,10
1451,82.0,0.0,1,4
1452,82.0,0.0,1,4
1453,81.0,0.0,1,4
1454,86.0,0.0,1,6
1455,46.0,0.0,1,4
1456,78.0,0.0,1,3
1457,83.0,0.0,1,5
1458,40.0,0.0,1,1
1459,78.0,0.0,1,6
1460,83.0,0.0,1,9
1461,85.0,0.0,1,20
1462,90.0,0.0,1,8
1463,94.0,0.0,1,12
1464,83.0,0.0,1,6
1465,87.0,0.0,1,12
1466,92.0,0.0,1,10
1467,82.0,0.0,1,4
1468,82.0,0.0,1,4
1469,81.0,0.0,1,4
1470,86.0,0.0,1,6
1471,46.0,0.0,1,4
1472,78.0,0.0,1,3
1473,83.0,0.0,1,5
1474,40.0,0.0,1,1
1475,78.0,0.0,1,6
1476,83.0,0.0,1,9
1477,59.0,0.0,1,18
1478,41.0,0.0,1,4
1479,42.0,0.0,1,5
1480,67.0,0.0,1,9
1481,27.0,0.0,1,1
1482,70.0,0.0,1,14
1483,,0.0,1,0
1484,36.0,0.0,1,6
1485,61.0,0.0,1,4
1486,36.0,0.0,1,12
1487,78.0,0.0,1,4
1488,29.0,0.0,1,3
1489,87.0,0.0,1,7
1490,56.0,0.0,1,5
1491,81.0,0.0,1,4
1492,39.0,0.0,1,3
1493,46.0,0.0,1,4
1494,78.0,0.0,1,3
1495,46.0,0.0,1,4
1496,78.0,0.0,1,3
1497,52.0,0.0,1,6
1498,85.0,0.0,1,12
1499,63.0,0.0,1,12
1500,81.0,0.0,1,6
1501,80.0,0.0,1,5
1502,56.0,0.0,1,4
1503,8.0,0.0,1,1
1504,56.0,0.0,1,4
1505,85.0,0.0,1,4
1506,85.0,0.0,1,5
1507,30.0,0.0,1,5
1508,59.0,0.0,1,18
1509,41.0,0.0,1,4
1510,85.0,0.0,1,20
1511,90.0,0.0,1,8
1512,45.0,0.0,1,4
1513,58.0,0.0,1,4
1514,33.0,0.0,1,3
1515,65.0,0.0,1,5
1516,60.0,0.0,1,3
1517,33.0,0.0,1,4
1518,45.0,0.0,1,2
1519,59.0,0.0,1,18
1520,41.0,0.0,1,4
1521,42.0,0.0,1,5
1522,67.0,0.0,1,9
1523,27.0,0.0,1,1
1524,70.0,0.0,1,14
1525,,0.0,1,0
1526,36.0,0.0,1,6
1527,61.0,0.0,1,4
1528,36.0,0.0,1,12
1529,78.0,0.0,1,4
1530,29.0,0.0,1,3
1531,87.0,0.0,1,7
1532,56.0,0.0,1,5
1533,81.0,0.0,1,4
1534,39.0,0.0,1,3
1535,46.0,0.0,1,4
1536,78.0,0.0,1,3
1537,45.0,0.0,1,4
1538,58.0,0.0,1,4
1539,33.0,0.0,1,3
1540,65.0,0.0,1,5
1541,60.0,0.0,1,3
1542,33.0,0.0,1,4
1543,45.0,0.0,1,2
1544,59.0,0.0,1,18
1545,41.0,0.0,1,4
1546,42.0,0.0,1,5
1547,67.0,0.0,1,9
1548,27.0,0.0,1,1
1549,70.0,0.0,1,14
1550,,0.0,1,0
1551,36.0,0.0,1,6
1552,61.0,0.0,1,4
1553,36.0,0.0,1,12
1554,78.0,0.0,1,4
1555,29.0,0.0,1,3
1556,87.0,0.0,1,7
1557,56.0,0.0,1,5
1558,81.0,0.0,1,4
1559,39.0,0.0,1,3
1560,46.0,0.0,1,4
1561,78.0,0.0,1,3
1562,59.0,0.0,1,18
1563,41.0,0.0,1,4
1564,42.0,0.0,1,5
1565,67.0,0.0,1,9
1566,27.0,0.0,1,1
1567,70.0,0.0,1,14
1568,,0.0,1,0
1569,36.0,0.0,1,6
1570,61.0,0.0,1,4
1571,36.0,0.0,1,12
1572,78.0,0.0,1,4
1573,29.0,0.0,1,3
1574,87.0,0.0,1,7
1575,56.0,0.0,1,5
1576,81.0,0.0,1,4
1577,39.0,0.0,1,3
1578,46.0,0.0,1,4
1579,78.0,0.0,1,3
1580,81.0,0.0,1,11
1581,83.0,0.0,1,11
1582,76.0,0.0,1,6
1583,89.0,0.0,1,12
1584,86.0,0.0,1,8
1585,38.0,0.0,1,1
1586,92.0,0.0,1,7
1587,93.0,0.0,1,16
1588,94.0,0.0,1,9
1589,,inf,0,0
1590,85.0,0.0,1,16
1591,,inf,0,0
1592,50.0,0.0,1,1
1593,89.0,0.0,1,12
1594,83.0,0.0,1,5
1595,40.0,0.0,1,1
1596,71.0,0.0,1,6
1597,89.0,0.0,1,21
1598,59.0,0.0,1,18
1599,41.0,0.0,1,4
1600,42.0,0.0,1,5
1601,67.0,0.0,1,9
1602,27.0,0.0,1,1
1603,70.0,0.0,1,14
1604,,0.0,1,0
1605,36.0,0.0,1,6
1606,61.0,0.0,1,4
1607,36.0,0.0,1,12
1608,78.0,0.0,1,4
1609,29.0,0.0,1,3
1610,87.0,0.0,1,7
1611,56.0,0.0,1,5
1612,81.0,0.0,1,4
1613,39.0,0.0,1,3
1614,46.0,0.0,1,4
1615,78.0,0.0,1,3
1616,45.0,0.0,1,4
1617,58.0,0.0,1,4
1618,33.0,0.0,1,3
1619,65.0,0.0,1,5
1620,60.0,0.0,1,3
1621,33.0,0.0,1,4
1622,45.0,0.0,1,2
1623,81.0,0.0,1,11
1624,83.0,0.0,1,11
1625,76.0,0.0,1,6
1626,89.0,0.0,1,12
1627,86.0,0.0,1,8
1628,38.0,0.0,1,1
1629,92.0,0.0,1,7
1630,93.0,0.0,1,16
1631,94.0,0.0,1,9
1632,,inf,0,0
1633,85.0,0.0,1,16
1634,,inf,0,0
1635,50.0,0.0,1,1
1636,89.0,0.0,1,12
1637,83.0,0.0,1,5
1638,40.0,0.0,1,1
1639,71.0,0.0,1,6
1640,89.0,0.0,1,21
1641,40.0,0.0,1,2
1642,39.0,0.0,1,3
1643,81.0,0.0,1,4
1644,22.0,0.0,1,2
1645,76.0,0.0,1,6
1646,32.0,0.0,1,1
1647,42.0,0.0,1,3
1648,26.0,0.0,1,1
1649,76.0,0.0,1,6
1650,41.0,0.0,1,2
1651,68.0,0.0,1,3
1652,33.0,0.0,1,4
1653,60.0,0.0,1,3
1654,58.0,0.0,1,4
1655,71.0,0.0,1,3
1656,32.0,0.0,1,1
1657,54.0,0.0,1,1
1658,43.0,0.0,1,1
1659,,inf,0,0
1660,33.0,0.0,1,3
1661,47.0,0.0,1,2
1662,42.0,0.0,1,3
1663,73.0,0.0,1,8
1664,40.0,0.0,1,2
1665,39.0,0.0,1,3
1666,81.0,0.0,1,4
1667,22.0,0.0,1,2
1668,76.0,0.0,1,6
1669,32.0,0.0,1,1
1670,42.0,0.0,1,3
1671,26.0,0.0,1,1
1672,76.0,0.0,1,6
1673,41.0,0.0,1,2
1674,68.0,0.0,1,3
1675,33.0,0.0,1,4
1676,60.0,0.0,1,3
1677,58.0,0.0,1,4
1678,71.0,0.0,1,3
1679,32.0,0.0,1,1
1680,54.0,0.0,1,1
1681,43.0,0.0,1,1
1682,,inf,0,0
1683,33.0,0.0,1,3
1684,47.0,0.0,1,2
1685,42.0,0.0,1,3
1686,73.0,0.0,1,8
1687,45.0,0.0,1,4
1688,58.0,0.0,1,4
1689,33.0,0.0,1,4
1690,60.0,0.0,1,3
1691,65.0,0.0,1,5
1692,33.0,0.0,1,3
1693,41.0,0.0,1,2
1694,68.0,0.0,1,3
1695,45.0,0.0,1,2
1696,66.0,0.0,1,6
1697,32.0,0.0,1,1
1698,36.0,0.0,1,5
1699,60.0,0.0,1,3
1700,33.0,0.0,1,4
1701,58.0,0.0,1,4
1702,45.0,0.0,1,4
1703,65.0,0.0,1,5
1704,33.0,0.0,1,3
1705,41.0,0.0,1,2
1706,68.0,0.0,1,3
1707,40.0,0.0,1,2
1708,39.0,0.0,1,3
1709,81.0,0.0,1,4
1710,45.0,0.0,1,2
1711,22.0,0.0,1,2
1712,42.0,0.0,1,3
1713,76.0,0.0,1,6
1714,32.0,0.0,1,1
1715,76.0,0.0,1,6
1716,26.0,0.0,1,1
1717,66.0,0.0,1,6
1718,32.0,0.0,1,1
1719,73.0,0.0,1,8
1720,36.0,0.0,1,5
1721,47.0,0.0,1,2
1722,42.0,0.0,1,3
1723,45.0,0.0,1,4
1724,58.0,0.0,1,4
1725,33.0,0.0,1,4
1726,60.0,0.0,1,3
1727,65.0,0.0,1,5
1728,33.0,0.0,1,3
1729,41.0,0.0,1,2
1730,68.0,0.0,1,3
1731,45.0,0.0,1,2
1732,66.0,0.0,1,6
1733,32.0,0.0,1,1
1734,36.0,0.0,1,5
1735,45.0,0.0,1,4
1736,58.0,0.0,1,4
1737,33.0,0.0,1,3
1738,65.0,0.0,1,5
1739,60.0,0.0,1,3
1740,33.0,0.0,1,4
1741,45.0,0.0,1,2
1742,46.0,0.0,1,4
1743,78.0,0.0,1,3
1744,52.0,0.0,1,6
1745,85.0,0.0,1,12
1746,63.0,0.0,1,12
1747,81.0,0.0,1,6
1748,80.0,0.0,1,5
1749,56.0,0.0,1,4
1750,8.0,0.0,1,1
1751,56.0,0.0,1,4
1752,85.0,0.0,1,4
1753,85.0,0.0,1,5
1754,30.0,0.0,1,5
1755,59.0,0.0,1,18
1756,41.0,0.0,1,4
1757,85.0,0.0,1,20
1758,90.0,0.0,1,8
1759,60.0,0.0,1,3
1760,33.0,0.0,1,4
1761,58.0,0.0,1,4
1762,45.0,0.0,1,4
1763,65.0,0.0,1,5
1764,33.0,0.0,1,3
1765,41.0,0.0,1,2
1766,68.0,0.0,1,3
1767,40.0,0.0,1,2
1768,39.0,0.0,1,3
1769,81.0,0.0,1,4
1770,45.0,0.0,1,2
1771,22.0,0.0,1,2
1772,42.0,0.0,1,3
1773,76.0,0.0,1,6
1774,32.0,0.0,1,1
1775,76.0,0.0,1,6
1776,26.0,0.0,1,1
1777,66.0,0.0,1,6
1778,32.0,0.0,1,1
1779,73.0,0.0,1,8
1780,36.0,0.0,1,5
1781,47.0,0.0,1,2
1782,42.0,0.0,1,3
1783,45.0,0.0,1,4
1784,58.0,0.0,1,4
1785,33.0,0.0,1,4
1786,60.0,0.0,1,3
1787,65.0,0.0,1,5
1788,33.0,0.0,1,3
1789,41.0,0.0,1,2
1790,68.0,0.0,1,3
1791,45.0,0.0,1,2
1792,66.0,0.0,1,6
1793,32.0,0.0,1,1
1794,36.0,0.0,1,5
1795,45.0,0.0,1,4
1796,58.0,0.0,1,4
1797,33.0,0.0,1,4
1798,60.0,0.0,1,3
1799,65.0,0.0,1,5
1800,33.0,0.0,1,3
1801,41.0,0.0,1,2
1802,68.0,0.0,1,3
1803,45.0,0.0,1,2
1804,66.0,0.0,1,6
1805,32.0,0.0,1,1
1806,36.0,0.0,1,5
1807,81.0,0.0,1,11
1808,83.0,0.0,1,11
1809,76.0,0.0,1,6
1810,89.0,0.0,1,12
1811,86.0,0.0,1,8
1812,38.0,0.0,1,1
1813,92.0,0.0,1,7
1814,93.0,0.0,1,16
1815,94.0,0.0,1,9
1816,,inf,0,0
1817,85.0,0.0,1,16
1818,,inf,0,0
1819,50.0,0.0,1,1
1820,89.0,0.0,1,12
1821,83.0,0.0,1,5
1822,40.0,0.0,1,1
1823,71.0,0.0,1,6
1824,89.0,0.0,1,21
1825,40.0,0.0,1,2
1826,39.0,0.0,1,3
1827,81.0,0.0,1,4
1828,22.0,0.0,1,2
1829,76.0,0.0,1,6
1830,32.0,0.0,1,1
1831,42.0,0.0,1,3
1832,26.0,0.0,1,1
1833,76.0,0.0,1,6
1834,41.0,0.0,1,2
1835,68.0,0.0,1,3
1836,33.0,0.0,1,4
1837,60.0,0.0,1,3
1838,58.0,0.0,1,4
1839,71.0,0.0,1,3
1840,32.0,0.0,1,1
1841,54.0,0.0,1,1
1842,43.0,0.0,1,1
1843,,inf,0,0
1844,33.0,0.0,1,3
1845,47.0,0.0,1,2
1846,42.0,0.0,1,3
1847,73.0,0.0,1,8
1848,60.0,0.0,1,3
1849,33.0,0.0,1,4
1850,58.0,0.0,1,4
1851,45.0,0.0,1,4
1852,65.0,0.0,1,5
1853,33.0,0.0,1,3
1854,41.0,0.0,1,2
1855,68.0,0.0,1,3
1856,40.0,0.0,1,2
1857,39.0,0.0,1,3
1858,81.0,0.0,1,4
1859,45.0,0.0,1,2
1860,22.0,0.0,1,2
1861,42.0,0.0,1,3
1862,76.0,0.0,1,6
1863,32.0,0.0,1,1
1864,76.0,0.0,1,6
1865,26.0,0.0,1,1
1866,66.0,0.0,1,6
1867,32.0,0.0,1,1
1868,73.0,0.0,1,8
1869,36.0,0.0,1,5
1870,47.0,0.0,1,2
1871,42.0,0.0,1,3
1872,45.0,0.0,1,4
1873,58.0,0.0,1,4
1874,33.0,0.0,1,3
1875,65.0,0.0,1,5
1876,60.0,0.0,1,3
1877,33.0,0.0,1,4
1878,45.0,0.0,1,2
1879,89.0,0.0,1,12
1880,76.0,0.0,1,6
1881,81.0,0.0,1,11
1882,83.0,0.0,1,11
1883,83.0,0.0,1,5
1884,40.0,0.0,1,1
1885,79.0,0.0,1,10
1886,36.0,0.0,1,1
1887,78.0,0.0,1,4
1888,89.0,0.0,1,6
1889,38.0,0.0,1,1
1890,83.0,0.0,1,12
1891,86.0,0.0,1,8
1892,94.0,0.0,1,9
1893,93.0,0.0,1,16
1894,92.0,0.0,1,7
1895,85.0,0.0,1,20
1896,90.0,0.0,1,8
1897,94.0,0.0,1,12
1898,83.0,0.0,1,6
1899,87.0,0.0,1,12
1900,92.0,0.0,1,10
1901,82.0,0.0,1,4
1902,82.0,0.0,1,4
1903,81.0,0.0,1,4
1904,86.0,0.0,1,6
1905,46.0,0.0,1,4
1906,78.0,0.0,1,3
1907,83.0,0.0,1,5
1908,40.0,0.0,1,1
1909,78.0,0.0,1,6
1910,83.0,0.0,1,9
1911,45.0,0.0,1,4
1912,58.0,0.0,1,4
1913,33.0,0.0,1,3
1914,65.0,0.0,1,5
1915,60.0,0.0,1,3
1916,33.0,0.0,1,4
1917,45.0,0.0,1,2
1918,45.0,0.0,1,4
1919,58.0,0.0,1,4
1920,33.0,0.0,1,3
1921,65.0,0.0,1,5
1922,60.0,0.0,1,3
1923,33.0,0.0,1,4
1924,45.0,0.0,1,2
1925,59.0,0.0,1,18
1926,41.0,0.0,1,4
1927,42.0,0.0,1,5
1928,67.0,0.0,1,9
1929,27.0,0.0,1,1
1930,70.0,0.0,1,14
1931,,0.0,1,0
1932,36.0,0.0,1,6
1933,61.0,0.0,1,4
1934,36.0,0.0,1,12
1935,78.0,0.0,1,4
1936,29.0,0.0,1,3
1937,87.0,0.0,1,7
1938,56.0,0.0,1,5
1939,81.0,0.0,1,4
1940,39.0,0.0,1,3
1941,46.0,0.0,1,4
1942,78.0,0.0,1,3
1943,89.0,0.0,1,12
1944,76.0,0.0,1,6
1945,81.0,0.0,1,11
1946,83.0,0.0,1,11
1947,83.0,0.0,1,5
1948,40.0,0.0,1,1
1949,79.0,0.0,1,10
1950,36.0,0.0,1,1
1951,78.0,0.0,1,4
1952,89.0,0.0,1,6
1953,38.0,0.0,1,1
1954,83.0,0.0,1,12
1955,86.0,0.0,1,8
1956,94.0,0.0,1,9
1957,93.0,0.0,1,16
1958,92.0,0.0,1,7
1959,40.0,0.0,1,2
1960,39.0,0.0,1,3
1961,81.0,0.0,1,4
1962,22.0,0.0,1,2
1963,76.0,0.0,1,6
1964,32.0,0.0,1,1
1965,42.0,0.0,1,3
1966,26.0,0.0,1,1
1967,76.0,0.0,1,6
1968,41.0,0.0,1,2
1969,68.0,0.0,1,3
1970,33.0,0.0,1,4
1971,60.0,0.0,1,3
1972,58.0,0.0,1,4
1973,71.0,0.0,1,3
1974,32.0,0.0,1,1
1975,54.0,0.0,1,1
1976,43.0,0.0,1,1
1977,,inf,0,0
1978,33.0,0.0,1,3
1979,47.0,0.0,1,2
1980,42.0,0.0,1,3
1981,73.0,0.0,1,8
1982,40.0,0.0,1,2
1983,39.0,0.0,1,3
1984,81.0,0.0,1,4
1985,22.0,0.0,1,2
1986,76.0,0.0,1,6
1987,32.0,0.0,1,1
1988,42.0,0.0,1,3
1989,26.0,0.0,1,1
1990,76.0,0.0,1,6
1991,41.0,0.0,1,2
1992,68.0,0.0,1,3
1993,33.0,0.0,1,4
1994,60.0,0.0,1,3
1995,58.0,0.0,1,4
1996,71.0,0.0,1,3
1997,32.0,0.0,1,1
1998,54.0,0.0,1,1
1999,43.0,0.0,1,1
2000,,inf,0,0
2001,33.0,0.0,1,3
2002,47.0,0.0,1,2
2003,42.0,0.0,1,3
2004,73.0,0.0,1,8
2005,45.0,0.0,1,4
2006,58.0,0.0,1,4
2007,33.0,0.0,1,3
2008,65.0,0.0,1,5
2009,60.0,0.0,1,3
2010,33.0,0.0,1,4
2011,45.0,0.0,1,2
2012,59.0,0.0,1,18
2013,41.0,0.0,1,4
2014,42.0,0.0,1,5
2015,67.0,0.0,1,9
2016,27.0,0.0,1,1
2017,70.0,0.0,1,14
2018,,0.0,1,0
2019,36.0,0.0,1,6
2020,61.0,0.0,1,4
2021,36.0,0.0,1,12
2022,78.0,0.0,1,4
2023,29.0,0.0,1,3
2024,87.0,0.0,1,7
2025,56.0,0.0,1,5
2026,81.0,0.0,1,4
2027,39.0,0.0,1,3
2028,46.0,0.0,1,4
2029,78.0,0.0,1,3
2030,81.0,0.0,1,11
2031,83.0,0.0,1,11
2032,76.0,0.0,1,6
2033,89.0,0.0,1,12
2034,86.0,0.0,1,8
2035,38.0,0.0,1,1
2036,92.0,0.0,1,7
2037,93.0,0.0,1,16
2038,94.0,0.0,1,9
2039,,inf,0,0
2040,85.0,0.0,1,16
2041,,inf,0,0
2042,50.0,0.0,1,1
2043,89.0,0.0,1,12
2044,83.0,0.0,1,5
2045,40.0,0.0,1,1
2046,71.0,0.0,1,6
2047,89.0,0.0,1,21
2048,89.0,0.0,1,12
2049,76.0,0.0,1,6
2050,81.0,0.0,1,11
2051,83.0,0.0,1,11
2052,83.0,0.0,1,5
2053,40.0,0.0,1,1
2054,79.0,0.0,1,10
2055,36.0,0.0,1,1
2056,78.0,0.0,1,4
2057,89.0,0.0,1,6
2058,38.0,0.0,1,1
2059,83.0,0.0,1,12
2060,86.0,0.0,1,8
2061,94.0,0.0,1,9
2062,93.0,0.0,1,16
2063,92.0,0.0,1,7
2064,60.0,0.0,1,3
2065,33.0,0.0,1,4
2066,58.0,0.0,1,4
2067,45.0,0.0,1,4
2068,65.0,0.0,1,5
2069,33.0,0.0,1,3
2070,41.0,0.0,1,2
2071,68.0,0.0,1,3
2072,40.0,0.0,1,2
2073,39.0,0.0,1,3
2074,81.0,0.0,1,4
2075,45.0,0.0,1,2
2076,22.0,0.0,1,2
2077,42.0,0.0,1,3
2078,76.0,0.0,1,6
2079,32.0,0.0,1,1
2080,76.0,0.0,1,6
2081,26.0,0.0,1,1
2082,66.0,0.0,1,6
2083,32.0,0.0,1,1
2084,73.0,0.0,1,8
2085,36.0,0.0,1,5
2086,47.0,0.0,1,2
2087,42.0,0.0,1,3
2088,46.0,0.0,1,4
2089,78.0,0.0,1,3
2090,52.0,0.0,1,6
2091,85.0,0.0,1,12
2092,63.0,0.0,1,12
2093,81.0,0.0,1,6
2094,80.0,0.0,1,5
2095,56.0,0.0,1,4
2096,8.0,0.0,1,1
2097,56.0,0.0,1,4
2098,85.0,0.0,1,4
2099,85.0,0.0,1,5
2100,30.0,0.0,1,5
2101,59.0,0.0,1,18
2102,41.0,0.0,1,4
2103,85.0,0.0,1,20
2104,90.0,0.0,1,8
2105,45.0,0.0,1,4
2106,58.0,0.0,1,4
2107,33.0,0.0,1,4
2108,60.0,0.0,1,3
2109,65.0,0.0,1,5
2110,33.0,0.0,1,3
2111,41.0,0.0,1,2
2112,68.0,0.0,1,3
2113,45.0,0.0,1,2
2114,66.0,0.0,1,6
2115,32.0,0.0,1,1
2116,36.0,0.0,1,5
2117,81.0,0.0,1,11
2118,83.0,0.0,1,11
2119,76.0,0.0,1,6
2120,89.0,0.0,1,12
2121,86.0,0.0,1,8
2122,38.0,0.0,1,1
2123,92.0,0.0,1,7
2124,93.0,0.0,1,16
2125,94.0,0.0,1,9
2126,,inf,0,0
2127,85.0,0.0,1,16
2128,,inf,0,0
2129,50.0,0.0,1,1
2130,89.0,0.0,1,12
2131,83.0,0.0,1,5
2132,40.0,0.0,1,1
2133,71.0,0.0,1,6
2134,89.0,0.0,1,21
2135,45.0,0.0,1,4
2136,58.0,0.0,1,4
2137,33.0,0.0,1,3
2138,65.0,0.0,1,5
2139,60.0,0.0,1,3
2140,33.0,0.0,1,4
2141,45.0,0.0,1,2
2142,85.0,0.0,1,20
2143,90.0,0.0,1,8
2144,94.0,0.0,1,12
2145,83.0,0.0,1,6
2146,87.0,0.0,1,12
2147,92.0,0.0,1,10
2148,82.0,0.0,1,4
2149,82.0,0.0,1,4
2150,81.0,0.0,1,4
2151,86.0,0.0,1,6
2152,46.0,0.0,1,4
2153,78.0,0.0,1,3
2154,83.0,0.0,1,5
2155,40.0,0.0,1,1
2156,78.0,0.0,1,6
2157,83.0,0.0,1,9
2158,46.0,0.0,1,4
2159,78.0,0.0,1,3
2160,52.0,0.0,1,6
2161,85.0,0.0,1,12
2162,63.0,0.0,1,12
2163,81.0,0.0,1,6
2164,80.0,0.0,1,5
2165,56.0,0.0,1,4
2166,8.0,0.0,1,1
2167,56.0,0.0,1,4
2168,85.0,0.0,1,4
2169,85.0,0.0,1,5
2170,30.0,0.0,1,5
2171,59.0,0.0,1,18
2172,41.0,0.0,1,4
2173,85.0,0.0,1,20
2174,90.0,0.0,1,8
2175,45.0,0.0,1,4
2176,58.0,0.0,1,4
2177,33.0,0.0,1,3
2178,65.0,0.0,1,5
2179,60.0,0.0,1,3
2180,33.0,0.0,1,4
2181,45.0,0.0,1,2
2182,60.0,0.0,1,3
2183,33.0,0.0,1,4
2184,58.0,0.0,1,4
2185,45.0,0.0,1,4
2186,65.0,0.0,1,5
2187,33.0,0.0,1,3
2188,41.0,0.0,1,2
2189,68.0,0.0,1,3
2190,40.0,0.0,1,2
2191,39.0,0.0,1,3
2192,81.0,0.0,1,4
2193,45.0,0.0,1,2
2194,22.0,0.0,1,2
2195,42.0,0.0,1,3
2196,76.0,0.0,1,6
2197,32.0,0.0,1,1
2198,76.0,0.0,1,6
2199,26.0,0.0,1,1
2200,66.0,0.0,1,6
2201,32.0,0.0,1,1
2202,73.0,0.0,1,8
2203,36.0,0.0,1,5
2204,47.0,0.0,1,2
2205,42.0,0.0,1,3
2206,59.0,0.0,1,18
2207,41.0,0.0,1,4
2208,42.0,0.0,1,5
2209,67.0,0.0,1,9
2210,27.0,0.0,1,1
2211,70.0,0.0,1,14
2212,,0.0,1,0
2213,36.0,0.0,1,6
2214,61.0,0.0,1,4
2215,36.0,0.0,1,12
2216,78.0,0.0,1,4
2217,29.0,0.0,1,3
2218,87.0,0.0,1,7
2219,56.0,0.0,1,5
2220,81.0,0.0,1,4
2221,39.0,0.0,1,3
2222,46.0,0.0,1,4
2223,78.0,0.0,1,3
2224,59.0,0.0,1,18
2225,41.0,0.0,1,4
2226,42.0,0.0,1,5
2227,67.0,0.0,1,9
2228,27.0,0.0,1,1
2229,70.0,0.0,1,14
2230,,0.0,1,0
2231,36.0,0.0,1,6
2232,61.0,0.0,1,4
2233,36.0,0.0,1,12
2234,78.0,0.0,1,4
2235,29.0,0.0,1,3
2236,87.0,0.0,1,7
2237,56.0,0.0,1,5
2238,81.0,0.0,1,4
2239,39.0,0.0,1,3
2240,46.0,0.0,1,4
2241,78.0,0.0,1,3
2242,59.0,0.0,1,18
2243,41.0,0.0,1,4
2244,42.0,0.0,1,5
2245,67.0,0.0,1,9
2246,27.0,0.0,1,1
2247,70.0,0.0,1,14
2248,,0.0,1,0
2249,36.0,0.0,1,6
2250,61.0,0.0,1,4
2251,36.0,0.0,1,12
2252,78.0,0.0,1,4
2253,29.0,0.0,1,3
2254,87.0,0.0,1,7
2255,56.0,0.0,1,5
2256,81.0,0.0,1,4
2257,39.0,0.0,1,3
2258,46.0,0.0,1,4
2259,78.0,0.0,1,3
2260,46.0,0.0,1,4
2261,78.0,0.0,1,3
2262,52.0,0.0,1,6
2263,85.0,0.0,1,12
2264,63.0,0.0,1,12
2265,81.0,0.0,1,6
2266,80.0,0.0,1,5
2267,56.0,0.0,1,4
2268,8.0,0.0,1,1
2269,56.0,0.0,1,4
2270,85.0,0.0,1,4
2271,85.0,0.0,1,5
2272,30.0,0.0,1,5
2273,59.0,0.0,1,18
2274,41.0,0.0,1,4
2275,85.0,0.0,1,20
2276,90.0,0.0,1,8
2277,60.0,0.0,1,3
2278,33.0,0.0,1,4
2279,58.0,0.0,1,4
2280,45.0,0.0,1,4
2281,65.0,0.0,1,5
2282,33.0,0.0,1,3
2283,41.0,0.0,1,2
2284,68.0,0.0,1,3
2285,40.0,0.0,1,2
2286,39.0,0.0,1,3
2287,81.0,0.0,1,4
2288,45.0,0.0,1,2
2289,22.0,0.0,1,2
2290,42.0,0.0,1,3
2291,76.0,0.0,1,6
2292,32.0,0.0,1,1
2293,76.0,0.0,1,6
2294,26.0,0.0,1,1
2295,66.0,0.0,1,6
2296,32.0,0.0,1,1
2297,73.0,0.0,1,8
2298,36.0,0.0,1,5
2299,47.0,0.0,1,2
2300,42.0,0.0,1,3
2301,45.0,0.0,1,4
2302,58.0,0.0,1,4
2303,33.0,0.0,1,4
2304,60.0,0.0,1,3
2305,65.0,0.0,1,5
2306,33.0,0.0,1,3
2307,41.0,0.0,1,2
2308,68.0,0.0,1,3
2309,45.0,0.0,1,2
2310,66.0,0.0,1,6
2311,32.0,0.0,1,1
2312,36.0,0.0,1,5
2313,45.0,0.0,1,4
2314,58.0,0.0,1,4
2315,33.0,0.0,1,3
2316,65.0,0.0,1,5
2317,60.0,0.0,1,3
2318,33.0,0.0,1,4
2319,45.0,0.0,1,2
2320,60.0,0.0,1,3
2321,33.0,0.0,1,4
2322,58.0,0.0,1,4
2323,45.0,0.0,1,4
2324,65.0,0.0,1,5
2325,33.0,0.0,1,3
2326,41.0,0.0,1,2
2327,68.0,0.0,1,3
2328,40.0,0.0,1,2
2329,39.0,0.0,1,3
2330,81.0,0.0,1,4
2331,45.0,0.0,1,2
2332,22.0,0.0,1,2
2333,42.0,0.0,1,3
2334,76.0,0.0,1,6
2335,32.0,0.0,1,1
2336,76.0,0.0,1,6
2337,26.0,0.0,1,1
2338,66.0,0.0,1,6
2339,32.0,0.0,1,1
2340,73.0,0.0,1,8
2341,36.0,0.0,1,5
2342,47.0,0.0,1,2
2343,42.0,0.0,1,3
2344,60.0,0.0,1,3
2345,33.0,0.0,1,4
2346,58.0,0.0,1,4
2347,45.0,0.0,1,4
2348,65.0,0.0,1,5
2349,33.0,0.0,1,3
2350,41.0,0.0,1,2
2351,68.0,0.0,1,3
2352,40.0,0.0,1,2
2353,39.0,0.0,1,3
2354,81.0,0.0,1,4
2355,45.0,0.0,1,2
2356,22.0,0.0,1,2
2357,42.0,0.0,1,3
2358,76.0,0.0,1,6
2359,32.0,0.0,1,1
2360,76.0,0.0,1,6
2361,26.0,0.0,1,1
2362,66.0,0.0,1,6
2363,32.0,0.0,1,1
2364,73.0,0.0,1,8
2365,36.0,0.0,1,5
2366,47.0,0.0,1,2
2367,42.0,0.0,1,3
2368,46.0,0.0,1,4
2369,78.0,0.0,1,3
2370,52.0,0.0,1,6
2371,85.0,0.0,1,12
2372,63.0,0.0,1,12
2373,81.0,0.0,1,6
2374,80.0,0.0,1,5
2375,56.0,0.0,1,4
2376,8.0,0.0,1,1
2377,56.0,0.0,1,4
2378,85.0,0.0,1,4
2379,85.0,0.0,1,5
2380,30.0,0.0,1,5
2381,59.0,0.0,1,18
2382,41.0,0.0,1,4
2383,85.0,0.0,1,20
2384,90.0,0.0,1,8
2385,45.0,0.0,1,4
2386,58.0,0.0,1,4
2387,33.0,0.0,1,3
2388,65.0,0.0,1,5
2389,60.0,0.0,1,3
2390,33.0,0.0,1,4
2391,45.0,0.0,1,2
2392,81.0,0.0,1,11
2393,83.0,0.0,1,11
2394,76.0,0.0,1,6
2395,89.0,0.0,1,12
2396,86.0,0.0,1,8
2397,38.0,0.0,1,1
2398,92.0,0.0,1,7
2399,93.0,0.0,1,16
2400,94.0,0.0,1,9
2401,,inf,0,0
2402,85.0,0.0,1,16
2403,,inf,0,0
2404,50.0,0.0,1,1
2405,89.0,0.0,1,12
2406,83.0,0.0,1,5
2407,40.0,0.0,1,1
2408,71.0,0.0,1,6
2409,89.0,0.0,1,21
2410,85.0,0.0,1,20
2411,90.0,0.0,1,8
2412,94.0,0.0,1,12
2413,83.0,0.0,1,6
2414,87.0,0.0,1,12
2415,92.0,0.0,1,10
2416,82.0,0.0,1,4
2417,82.0,0.0,1,4
2418,81.0,0.0,1,4
2419,86.0,0.0,1,6
2420,46.0,0.0,1,4
2421,78.0,0.0,1,3
2422,83.0,0.0,1,5
2423,40.0,0.0,1,1
2424,78.0,0.0,1,6
2425,83.0,0.0,1,9
2426,81.0,0.0,1,11
2427,83.0,0.0,1,11
2428,76.0,0.0,1,6
2429,89.0,0.0,1,12
2430,86.0,0.0,1,8
2431,38.0,0.0,1,1
2432,92.0,0.0,1,7
2433,93.0,0.0,1,16
2434,94.0,0.0,1,9
2435,,inf,0,0
2436,85.0,0.0,1,16
2437,,inf,0,0
2438,50.0,0.0,1,1
2439,89.0,0.0,1,12
2440,83.0,0.0,1,5
2441,40.0,0.0,1,1
2442,71.0,0.0,1,6
2443,89.0,0.0,1,21
2444,81.0,0.0,1,11
2445,83.0,0.0,1,11
2446,76.0,0.0,1,6
2447,89.0,0.0,1,12
2448,86.0,0.0,1,8
2449,38.0,0.0,1,1
2450,92.0,0.0,1,7
2451,93.0,0.0,1,16
2452,94.0,0.0,1,9
2453,,inf,0,0
2454,85.0,0.0,1,16
2455,,inf,0,0
2456,50.0,0.0,1,1
2457,89.0,0.0,1,12
2458,83.0,0.0,1,5
2459,40.0,0.0,1,1
2460,71.0,0.0,1,6
2461,89.0,0.0,1,21
2462,59.0,0.0,1,18
2463,41.0,0.0,1,4
2464,42.0,0.0,1,5
2465,67.0,0.0,1,9
2466,27.0,0.0,1,1
2467,70.0,0.0,1,14
2468,,0.0,1,0
2469,36.0,0.0,1,6
2470,61.0,0.0,1,4
2471,36.0,0.0,1,12
2472,78.0,0.0,1,4
2473,29.0,0.0,1,3
2474,87.0,0.0,1,7
2475,56.0,0.0,1,5
2476,81.0,0.0,1,4
2477,39.0,0.0,1,3
2478,46.0,0.0,1,4
2479,78.0,0.0,1,3
2480,40.0,0.0,1,2
2481,39.0,0.0,1,3
2482,81.0,0.0,1,4
2483,22.0,0.0,1,2
2484,76.0,0.0,1,6
2485,32.0,0.0,1,1
2486,42.0,0.0,1,3
2487,26.0,0.0,1,1
2488,76.0,0.0,1,6
2489,41.0,0.0,1,2
2490,68.0,0.0,1,3
2491,33.0,0.0,1,4
2492,60.0,0.0,1,3
2493,58.0,0.0,1,4
2494,71.0,0.0,1,3
2495,32.0,0.0,1,1
2496,54.0,0.0,1,1
2497,43.0,0.0,1,1
2498,,inf,0,0
2499,33.0,0.0,1,3
2500,47.0,0.0,1,2
2501,42.0,0.0,1,3
2502,73.0,0.0,1,8
2503,81.0,0.0,1,11
2504,83.0,0.0,1,11
2505,76.0,0.0,1,6
2506,89.0,0.0,1,12
2507,86.0,0.0,1,8
2508,38.0,0.0,1,1
2509,92.0,0.0,1,7
2510,93.0,0.0,1,16
2511,94.0,0.0,1,9
2512,,inf,0,0
2513,85.0,0.0,1,16
2514,,inf,0,0
2515,50.0,0.0,1,1
2516,89.0,0.0,1,12
2517,83.0,0.0,1,5
2518,40.0,0.0,1,1
2519,71.0,0.0,1,6
2520,89.0,0.0,1,21
2521,59.0,0.0,1,18
2522,41.0,0.0,1,4
2523,42.0,0.0,1,5
2524,67.0,0.0,1,9
2525,27.0,0.0,1,1
2526,70.0,0.0,1,14
2527,,0.0,1,0
2528,36.0,0.0,1,6
2529,61.0,0.0,1,4
2530,36.0,0.0,1,12
2531,78.0,0.0,1,4
2532,29.0,0.0,1,3
2533,87.0,0.0,1,7
2534,56.0,0.0,1,5
2535,81.0,0.0,1,4
2536,39.0,0.0,1,3
2537,46.0,0.0,1,4
2538,78.0,0.0,1,3
2539,46.0,0.0,1,4
2540,78.0,0.0,1,3
2541,52.0,0.0,1,6
2542,85.0,0.0,1,12
2543,63.0,0.0,1,12
2544,81.0,0.0,1,6
2545,80.0,0.0,1,5
2546,56.0,0.0,1,4
2547,8.0,0.0,1,1
2548,56.0,0.0,1,4
2549,85.0,0.0,1,4
2550,85.0,0.0,1,5
2551,30.0,0.0,1,5
2552,59.0,0.0,1,18
2553,41.0,0.0,1,4
2554,85.0,0.0,1,20
2555,90.0,0.0,1,8
2556,60.0,0.0,1,3
2557,33.0,0.0,1,4
2558,58.0,0.0,1,4
2559,45.0,0.0,1,4
2560,65.0,0.0,1,5
2561,33.0,0.0,1,3
2562,41.0,0.0,1,2
2563,68.0,0.0,1,3
2564,40.0,0.0,1,2
2565,39.0,0.0,1,3
2566,81.0,0.0,1,4
2567,45.0,0.0,1,2
2568,22.0,0.0,1,2
2569,42.0,0.0,1,3
2570,76.0,0.0,1,6
2571,32.0,0.0,1,1
2572,76.0,0.0,1,6
2573,26.0,0.0,1,1
2574,66.0,0.0,1,6
2575,32.0,0.0,1,1
2576,73.0,0.0,1,8
2577,36.0,0.0,1,5
2578,47.0,0.0,1,2
2579,42.0,0.0,1,3
2580,45.0,0.0,1,4
2581,58.0,0.0,1,4
2582,33.0,0.0,1,3
2583,65.0,0.0,1,5
2584,60.0,0.0,1,3
2585,33.0,0.0,1,4
2586,45.0,0.0,1,2
2587,59.0,0.0,1,18
2588,41.0,0.0,1,4
2589,42.0,0.0,1,5
2590,67.0,0.0,1,9
2591,27.0,0.0,1,1
2592,70.0,0.0,1,14
2593,,0.0,1,0
2594,36.0,0.0,1,6
2595,61.0,0.0,1,4
2596,36.0,0.0,1,12
2597,78.0,0.0,1,4
2598,29.0,0.0,1,3
2599,87.0,0.0,1,7
2600,56.0,0.0,1,5
2601,81.0,0.0,1,4
2602,39.0,0.0,1,3
2603,46.0,0.0,1,4
2604,78.0,0.0,1,3
2605,81.0,0.0,1,11
2606,83.0,0.0,1,11
2607,76.0,0.0,1,6
2608,89.0,0.0,1,12
2609,86.0,0.0,1,8
2610,38.0,0.0,1,1
2611,92.0,0.0,1,7
2612,93.0,0.0,1,16
2613,94.0,0.0,1,9
2614,,inf,0,0
2615,85.0,0.0,1,16
2616,,inf,0,0
2617,50.0,0.0,1,1
2618,89.0,0.0,1,12
2619,83.0,0.0,1,5
2620,40.0,0.0,1,1
2621,71.0,0.0,1,6
2622,89.0,0.0,1,21
